no.,mySUNI ID,Company,Title,Category,Level,Nickname,,,,,,,,,,,,,,,,,,
1,C249ADBA2BFD41DFB1B5EF88595BE19620240603152626,SK이노베이션,"Exergenius: Exergy Analysis, 누구나 단 몇 초만에",데이터분석,중급,행복한쿼카,,,,,,,,,,,,,,,,,,
2,089EC855631E4476937C65762E170B3020240604062919,SK하이닉스,이제 논문도 썸네일에 낚여보자: Arxiv + Youtube,개발,중급,그레이트드라슈렛,,,,,,,,,,,,,,,,,,
3,B65B76A6348C4161BD0062C5F2CCC6B720240604144934,SK텔레콤,챗GPT로 ZEM 브랜드콘텐츠 제안서 작성하기,콘텐츠,중급,heky,,,,,,,,,,,,,,,,,,
4,52B6BC25EE004A118A73AE90482196D320240605081809,SK 에코플랜트,"건물계약, 운영관리 마스터",챗봇,중급,새싹강남299,,,,,,,,,,,,,,,,,,
5,4CECFC9266FA431EAF0DCE232514DC4220240603160759,SK텔레콤,OpenLLM 로컬 모델로 학습한 뉴스를 요약해 주는 챗봇,챗봇,중급,깜짝소리999,,,,,,,,,,,,,,,,,,
6,4CECFC9266FA431EAF0DCE232514DC4220240603160759,SK텔레콤,"OpenLLM, RAG 1차 구현",챗봇/RAG,중급,깜짝소리999,,,,,,,,,,,,,,,,,,
7,4CECFC9266FA431EAF0DCE232514DC4220240603160759,SK텔레콤,"OpenLLM, RAG 2차 챗봇 구현",챗봇/RAG,중급,깜짝소리999,,,,,,,,,,,,,,,,,,
8,B46B29F4A345472A89D323B5162D10C420240604143644,SK하이닉스,AI 기반 제조 UI 개발을 통해 Smart Factory 고도화 추진,자동화,중급,best,,,,,,,,,,,,,,,,,,
9,7D80785606454EEE9AE286C895E4F7BA20240604141017,SK텔레콤,"AI를 활용한 업무 자동화(대량메일발송, 지식검색챗봇)",자동화,중급,cooldown12,,,,,,,,,,,,,,,,,,
10,568C0C68D2154BFF913DB6F7E0826D8920240610095033,SK텔링크,Private한 나만의 데이터 분석 프로그램,챗봇,중급,말랑한꽃745,,,,,,,,,,,,,,,,,,
11,FCF7A0DA3BEF4557B9C4134A3D8B00AD20240604150654,SK하이닉스,"[업무자동화] Data 전처리, 분석, 시각화 자동화",자동화,초급,hmkim,,,,,,,,,,,,,,,,,,
12,DD2E3BB87348480C87FD8E432908D72820240603160956,SK하이닉스,GPT 활용한 SoC Power Data 예측,데이터분석,중급,나솨솨솨,,,,,,,,,,,,,,,,,,
13,547221F142FC46F6934F52C76134A5C720240603161810,SK온,특허 데이터 분석,데이터분석,중급,상큼한딸기456,,,,,,,,,,,,,,,,,,
14,A706DAB031824813BFA26D0B0E4AC3D420240612142350,SK텔레콤,[업무 자동화] Chat GPT로 장비 통계 DashBoard 개발하기,개발,중급,맑은벚꽃,,,,,,,,,,,,,,,,,,
15,D4DA3795E58543B38BA377A0EFF42D1D20240603173326,SK네트웍스,HRD: 업무 평가/보상 페이지 대시보드 개편(Netpro),연구개발,중급,행복처돌이,,,,,,,,,,,,,,,,,,
16,2D2229E5EA1D4C9981DA7F8DC4A9475320240619131314,SK텔레콤,이미지 해석 앱,개발,초급,신속한코딩마스터1287,,,,,,,,,,,,,,,,,,
17,C993F6762EF04E618C8F0D62501D86D820240619132540,SK브로드밴드,공공데이터를 활용하여 중요지역 위해 요인 발굴 및 데이터베이스 시각화,일상,초급,후홍몽,,,,,,,,,,,,,,,,,,
18,C993F6762EF04E618C8F0D62501D86D820240619132540,SK브로드밴드,개인 맞춤형 뉴스 크롤링 생성을 위한 제이미니 활용,일상,초급,후홍몽,,,,,,,,,,,,,,,,,,
19,062C64B8E7B7402FA5DD8823CC80225320240619132919,SK주식회사 C&C,독서 패턴 분석과 도서 추천,일상,초급,David,,,,,,,,,,,,,,,,,,
20,58704AB0F1A84AA8ACDB21D9322FB70B20240619170731,SK텔레콤,국가연구과제 업무처리 방법 자동응답 Chatbot,챗봇,중급,전자파는상쾌해,,,,,,,,,,,,,,,,,,
21,2BB99A14D8924795BA3148F917F5E39B20240621144914,SK주식회사 C&C,ChatGPT를 이용한 자녀와 실시간 동화 만들기,일상,초급,소리지르는비버,,,,,,,,,,,,,,,,,,
22,ACF906B8E99F4CC8B5821245C88362F820240603163758,SK트레이딩인터내셔널,GPTs를 활용한 채용 과정 개선,자동화,중급,가포리,,,,,,,,,,,,,,,,,,
23,3BD84F67BCFF4F66ACECDADD28D742F520240622040339,SK에코엔지니어링,파워포인트 슬라이드 뼈대 잡기,콘텐츠,초급,bengsang,,,,,,,,,,,,,,,,,,
24,3BD84F67BCFF4F66ACECDADD28D742F520240622040339,SK에코엔지니어링,ChatGPT를 활용한 CAPEX 산정,질의,초급,bengsang,,,,,,,,,,,,,,,,,,
25,3BD84F67BCFF4F66ACECDADD28D742F520240622040339,SK에코엔지니어링,Compressor 구매비 산정,질의,초급,bengsang,,,,,,,,,,,,,,,,,,
26,3BD84F67BCFF4F66ACECDADD28D742F520240622040339,SK에코엔지니어링,ChatGPT에게 영작 시키기,일상,초급,bengsang,,,,,,,,,,,,,,,,,,
27,4E41C4D90AED4544B07E841C7F1E586720240619131832,SK텔레콤,ChatGPT로 여행 계획 세우며 업무 스트레스 해소하기!,일상,초급,활동적인해커9247,,,,,,,,,,,,,,,,,,
28,FA3E2FF247914481A8985ECEFF37707020240603163244,SK이노베이션,ZIC 윤활유 Advisor 따라잡기,자동화,초급,오모리,,,,,,,,,,,,,,,,,,
29,4A0A1CFD2D884E4CBBC2B55AF556836020240619140627,SK텔레콤,근로기준법에 대해 조언해주는 노무조무사 GPT,챗봇,초급,활발한초코2234,,,,,,,,,,,,,,,,,,
30,A91940DC00DA486A8D4C57F6DB8784F620240619130750,SK텔레콤,엑셀 자동 필터링 웹 구현하기 (점검이 필요한 공사장 자동 발췌),개발,초급,라떼병장,,,,,,,,,,,,,,,,,,
31,ADF6C9F6368C47B8BD684A5D313F89EE20240603152258,SK텔레콤,ChatGPT를 활용한 Code Conversion,자동화,초급,신비로운별987,,,,,,,,,,,,,,,,,,
32,8D7642DC48984AA088B63217D90EAB4420240619132559,SK텔링크,ChatGPT&Ollama 활용Outlook RAG Chatbot 구축,챗봇,중급,보라매뚜벅쵸,,,,,,,,,,,,,,,,,,
33,0604D3FBA2C94B108C585E461185E31520240619134244,SK텔레콤,문서 정보를 병렬로 조회하는 챗봇,챗봇,초급,피이쓰,,,,,,,,,,,,,,,,,,
34,C04F8EA08FD24D57894531FA91991B7520240619165635,SK텔레콤,키워드 기반 뉴스 검색 GPTs 및 크롤링 Tool 제작,챗봇,초급,열정적인바다1234,,,,,,,,,,,,,,,,,,
35,2AC43E9D0C9D4214B5F19CB73666066620240603152035,SK텔링크,ChatGPT를 활용한 고객 1:1 문의 응답 자동 템플릿 추천,챗봇,초급,따뜻한커피4443,,,,,,,,,,,,,,,,,,
36,062C64B8E7B7402FA5DD8823CC80225320240619132919,SK주식회사 C&C,PPT 메시지 구성 자동화,콘텐츠,초급,David,,,,,,,,,,,,,,,,,,
37,84813F9C6FB74CE4BAB3668F3641DAD720240624103607,SK에코엔지니어링,"설계 문서의 Revision 시, 변경 사항 자동 검색 및 표기",자동화,초급,Sting,,,,,,,,,,,,,,,,,,
38,ACF906B8E99F4CC8B5821245C88362F820240603163758,SK트레이딩인터내셔널,초보아빠의 내 아이를 위한 GPTs,일상,초급,가포리,,,,,,,,,,,,,,,,,,
39,5552EB17F7BB4FA88D9F8D527D3F255320240605155218,SK텔링크,보안뉴스 요약봇 만들기,챗봇,초급,아이언매니아,,,,,,,,,,,,,,,,,,
40,5552EB17F7BB4FA88D9F8D527D3F255320240605155218,SK텔링크,개인정보보호 가이드 챗봇 만들기,챗봇,초급,아이언매니아,,,,,,,,,,,,,,,,,,
41,DEE9C66ACAC9434ABCD7831A39FFB67120240620153236,SK텔레콤,엑셀VBA를 활용한 부동산 자산 간접 실사,자동화,초급,활기찬데이터1098,,,,,,,,,,,,,,,,,,
42,81BDAB8CB21D449B90313D81AFE9C34420240625102541,SK케미칼,생성형 AI 활용 숏폼으로 내부 구성원 교육을?,콘텐츠,초급,용감한하늘1234,,,,,,,,,,,,,,,,,,
43,26F3FDE997E14665A0F7634604D9A38220240625132655,SK텔레콤,AI기반 IX Biz 리포트 자동발행,자동화,고급,오누빠,,,,,,,,,,,,,,,,,,
44,506AA13907EA458FB26C55E51264EEB120240625161843,SK텔레콤,여러 개 인터페이스를 한번에 조회하는 정규표현식 만들기,자동화,초급,활발한코딩마스터3452,,,,,,,,,,,,,,,,,,
45,DEA0C3786B624CA68EFB81994D88183720240620150540,SK텔레콤,Learning Science와 AI를 결합하여 교육 프로그램 개발 사례,콘텐츠,중급,Truebeliev,,,,,,,,,,,,,,,,,,
46,2D2229E5EA1D4C9981DA7F8DC4A9475320240619131314,SK텔레콤,실용성 있는 내부 문서 검색 솔루션,챗봇,중급,신속한코딩마스터1287,,,,,,,,,,,,,,,,,,
47,C993F6762EF04E618C8F0D62501D86D820240619132540,SK브로드밴드,5분만에 작성하는 사업계획서 초안,질의,초급,후홍몽,,,,,,,,,,,,,,,,,,
48,76A31DFA1C294BFBB6D906925F8B670B20240620155502,SK바이오사이언스,날씨에 맞는 옷차림 추천,일상,초급,활동적인코드마스터4172,,,,,,,,,,,,,,,,,,
49,76A31DFA1C294BFBB6D906925F8B670B20240620155502,SK바이오사이언스,ChatGPT를 활용한 냉장고에 남아있는 음식을 활용하는 법,일상,초급,활동적인코드마스터4172,,,,,,,,,,,,,,,,,,
50,1C536B3DAB8F48A581BCAD48A02AE23B20240619141803,SK텔레콤,기업 소개 보고서 생성,챗봇,초급,ETNA,,,,,,,,,,,,,,,,,,
51,343CFEB39D924A97924EC8864028586520240626190829,SK브로드밴드,GPT4로 쉽게 작성하는 액셀 자동화 VBA,자동화,초급,브로비동,,,,,,,,,,,,,,,,,,
52,D3B57C2AE64B4BFA9095F69F223C3EE920240603193200,SK이노베이션,연구노트 관리 규정 가이드 작성 및 응답 챗봇,챗봇,초급,푸른사막777,,,,,,,,,,,,,,,,,,
53,E59B6AC43A134D9EA1E1E118977E611920240626204130,SK텔레콤,간단한 스크립트는 혼자 짜주는 요즘 챗GPT 개발,챗봇,초급,singleheart,,,,,,,,,,,,,,,,,,
54,9D1343041FDA42A994C341F222871F3020240611092644,SK하이닉스,생성형 AI를 활용한 defect 분류 시스템 개발,데이터분석,고급,반포,,,,,,,,,,,,,,,,,,
55,062C64B8E7B7402FA5DD8823CC80225320240619132919,SK주식회사 C&C,여행 분석과 글쓰기,일상,초급,David,,,,,,,,,,,,,,,,,,
56,E3F61831A2924184AE5494AB7ACDA6B620240627072740,SK에코엔지니어링,영어공부하기,일상,초급,AI를파트너로,,,,,,,,,,,,,,,,,,
57,016785E508894D6783D2D93E46B5396720240627083957,SK아이이테크놀로지,공모전 참여,-,초급,활발한코딩고수4571,,,,,,,,,,,,,,,,,,
58,76A31DFA1C294BFBB6D906925F8B670B20240620155502,SK바이오사이언스,Chat GPT를 활용한 메뉴 선정,일상,초급,활동적인코드마스터4172,,,,,,,,,,,,,,,,,,
59,AA40D409D5184FAAB7A590940051594A20240627084437,SK텔레콤,악플보다 무플이 더 무서워!,자동화,중급,메타용용,,,,,,,,,,,,,,,,,,
60,9FB0792E20E3481B8DA0B4C24CFDF97420240627085901,SK오앤에스,생산적인 업무를 할 시간이 부족해? 그럼 자동화(RPA)지~,자동화,초급,열정적인코딩2471,,,,,,,,,,,,,,,,,,
61,542BD984276F4EBF98A0A8BD64037FDE20240627102645,SK주식회사 C&C,AWS 자격증 시험대비 문제풀이 사이트,콘텐츠,중급,Azssi,,,,,,,,,,,,,,,,,,
62,D2F0FD71E11A4D64901104B79FE2994720240627085611,SK 에코플랜트,내가 필요한 영역에서 전문성 있는 대답을 해주는 도우미,질의,초급,windchaser,,,,,,,,,,,,,,,,,,
63,EDD4FD86D00242F28578D6881C9CE00320240627104504,SK주식회사 C&C,ChatGPT를 활용해서 수준별 맞춤 교육 컨텐츠 개발,콘텐츠,초급,활발한코딩어2205,,,,,,,,,,,,,,,,,,
64,B609AC5C6B8C4411B59699C724C701DA20240626131020,SK엔무브,GPT를 이용한 법규 검색 및 이용,질의,초급,HIBYOK,,,,,,,,,,,,,,,,,,
65,DC88D3525EE84E6BB21CDB908C76A48C20240627092508,SK브로드밴드,제안업무에 생성형AI 이미지 활용기,콘텐츠,초급,장수만세2033,,,,,,,,,,,,,,,,,,
66,C800D05CF3534CCF8B4ED47AA3DAC7F320240620101052,SK주식회사 C&C,OpenAI 를 활용한 시를 써주는 챗봇 만들기,일상,초급,지니,,,,,,,,,,,,,,,,,,
67,4A0A1CFD2D884E4CBBC2B55AF556836020240619140627,SK텔레콤,칵테일 레시피를 추천해주는 GPTs 만들기,일상,초급,활발한초코2234,,,,,,,,,,,,,,,,,,
68,3D1D7534E2D443D4B19CD07971B38AAB20240627155333,SK바이오텍,충돌주의 경고표지 제작,콘텐츠,초급,활발한고양이4782,,,,,,,,,,,,,,,,,,
69,39DF7A62131E4633B5570965A43EC23020240627101413,SK텔레콤,모솔 탈출! 가스라이팅 탈출! 고민상담 master.. 단비같은 AI.,일상,초급,패트로패트로패트로패,,,,,,,,,,,,,,,,,,
70,26F3FDE997E14665A0F7634604D9A38220240625132655,SK텔레콤,AI기반 IX Biz 리포트 자동발행,자동화,고급,오누빠,,,,,,,,,,,,,,,,,,
71,3873610F91E64B70B8DF2DD8B117A68020240620080219,부산도시가스,스마트 안전 파트너 챗봇 (법규/규정/절차 챗봇),챗봇,초급,AI초보,,,,,,,,,,,,,,,,,,
72,5552EB17F7BB4FA88D9F8D527D3F255320240605155218,SK텔링크,GPT로 골프라운딩 기록 분석해보기,일상,중급,아이언매니아,,,,,,,,,,,,,,,,,,
73,72A91C080E544A479A53826A4F69EDC920240628141618,SK텔레콤,X Crawling (AI Frontier 교육),자동화,초급,활발한코딩마스터2038,,,,,,,,,,,,,,,,,,
74,C482F66FD8A040B2BF153F276B1CBB7D20240628163202,SK텔레콤,Perplexity - 거짓없는 초스피드 기업조사,자동화,초급,라파엘로,,,,,,,,,,,,,,,,,,
75,062C64B8E7B7402FA5DD8823CC80225320240619132919,SK주식회사 C&C,"OT 시간, 독서, 소비",일상,초급,David,,,,,,,,,,,,,,,,,,
76,D4EE49CDB103468484E16012A072B0CD20240623215822,SK하이닉스,GPT 를 이용한 업무관련 최신 기술 파악,연구개발,초급,따스한크리스,,,,,,,,,,,,,,,,,,
77,9C67A401B5134D649904F5645344006120240619170521,SK트레이딩인터내셔널,엑셀을 활용한 복잡한 계층형 분석 (Power Query + Pivot),데이터분석,중급,활동적인밤하늘5732,,,,,,,,,,,,,,,,,,
78,BA35487615C24BCF90E2C5F827B42DAB20240626201717,SK E&S,생성형 AI를 활용한 제안서 PPT 커버이미지 생성,콘텐츠,초급,에디사마,,,,,,,,,,,,,,,,,,
79,9E53F39B94A54532833483CB0B9FF6D920240627100201,SK매직,미드저니를 활용한 기획의 시각화,콘텐츠,초급,betterworks,,,,,,,,,,,,,,,,,,
80,76FD135902654794A5C889C344DD942020240624164217,SK브로드밴드,AI을 활용한 광고 이미지 생성,콘텐츠,초급,하늘아기,,,,,,,,,,,,,,,,,,
81,A79841CF695C47DA933C65E7CAE4B36520240701152941,서비스에이스,chat gpt 활용을 통한 업무시간 단축 및 효율화,자동화,초급,호기심많은코드러1234,,,,,,,,,,,,,,,,,,
82,72FC520D106F45FA970291844968B44120240625102406,SK바이오팜,AI 활용 오픈소스 코드 실행(ubiquitination site 예측),연구개발,중급,coldtype08,,,,,,,,,,,,,,,,,,
83,495C95FB12344077BFA21274BCF4A7A320240620082443,SK가스,"술자리 건배사 쫄지말자 삼행시 GPT로 자신있게!""""",일상,초급,해운대 꿀주먹,,,,,,,,,,,,,,,,,,
84,B65B76A6348C4161BD0062C5F2CCC6B720240604144934,SK텔레콤,(중복)AI로 만든 USIM 웹툰 연재한 썰.SSUL,콘텐츠,중급,heky,,,,,,,,,,,,,,,,,,
85,11586EE3025A43AB9314FC7F387B1DAF20240620153227,SK텔레콤,업체 개요 조사 챗봇 구현,챗봇,중급,활발한코딩마스터0427,,,,,,,,,,,,,,,,,,
86,7D316E8080064E4BADBA899436A746B720240702141023,SK텔레콤,모바일신분증 증명사진 활용,콘텐츠,초급,우주소년,,,,,,,,,,,,,,,,,,
87,6B3E526D27144BCEB3B95DFB9ED638D620240620093024,SK 에코플랜트,내가 원하는 저널에서 '관심뉴스' 만 골라서 엑셀로 정리하는 방법,자동화,중급,사울85김안,,,,,,,,,,,,,,,,,,
88,A0A7E0500FD840D38D17E835ED324E9E20240619151136,SK텔레콤,통합국 광케이블 인입 프로젝트,콘텐츠,초급,마루,,,,,,,,,,,,,,,,,,
89,283B5745F4C1417D907316C8889A1ED120240619132318,SK주식회사 C&C,쌓여만 가는 냉장고 속 식재료를 해결해줘,일상,초급,열정적인코드마스터4512,,,,,,,,,,,,,,,,,,
90,820390CE23A6414CBDCAFC6D8216ABA020240702173421,SK텔레콤,MBTI 소통 마법사와 퀴즈 팡팡,일상,초급,SmartCona,,,,,,,,,,,,,,,,,,
91,011A47BFC4D6428BA3C6B5BEA528A09C20240619132556,SK이노베이션,영어 표현 공부하기,일상,초급,신속한코딩덕후4729,,,,,,,,,,,,,,,,,,
92,B16597894D1242B4BD94DACE6943EA3F20240628141932,SK텔레콤,이제 속지말자! 정말 내가 원하는 맛집 찾기,일상,초급,활발한코딩중독자,,,,,,,,,,,,,,,,,,
93,C5BCF683F71D47EABFC8E7B948FC75ED20240701154850,SK텔레콤,ChatGPT를 활용한 영어 blog 및 news 요약,자동화,초급,무파,,,,,,,,,,,,,,,,,,
94,DEE9C66ACAC9434ABCD7831A39FFB67120240620153236,SK텔레콤,개떡같이 입력된 주소도 찰떡같이 정리해줘 (회사 부동산 현행화),자동화,초급,활기찬데이터1098,,,,,,,,,,,,,,,,,,
95,00F496615A704B79B0E7B3E162C615AE20240607162928,SK인천석유화학,환경설비 제출 자료 작성 자동화(엑셀 매크로),자동화,초급,동글,,,,,,,,,,,,,,,,,,
96,B65B76A6348C4161BD0062C5F2CCC6B720240604144934,SK텔레콤,AI로 만든 웹툰 연재한 썰.SSUL,콘텐츠,중급,heky,,,,,,,,,,,,,,,,,,
97,012DF97580404C4996C15E5D4ED8E59920240701111145,SK이노베이션,Chat GPT를 활용한 엑셀 데이터 처리 자동화,자동화,초급,활발한호랑이77,,,,,,,,,,,,,,,,,,
98,8C6E58AD596E47E3ABE4122095BF91FB20240703192240,SK주식회사 C&C,영어 문법 및 작문 도우미,일상,초급,만랩,,,,,,,,,,,,,,,,,,
99,69FB9DFF35E74AACA4C836D0FEA38E9B20240626140131,SK하이닉스,오늘 저녁 뭐 먹지?,일상,초급,에스케이하이닉스,,,,,,,,,,,,,,,,,,
100,062C64B8E7B7402FA5DD8823CC80225320240619132919,SK주식회사 C&C,Playlist 분석과 추천,일상,초급,David,,,,,,,,,,,,,,,,,,
101,7B85AE1BF53D498ABC459420203D500C20240704095004,SK하이닉스,ChatGPT를 활용한 이름 짓기 (작명소가 필요 없음!),일상,초급,성실한문어8713,,,,,,,,,,,,,,,,,,
102,429E1998AC234F51B437C47060755EFD20240627153126,SK에코엔지니어링,RPA를 통한 수입신고 증빙 분류 및 입력 자동화,자동화,중급,BKKIM89,,,,,,,,,,,,,,,,,,
103,57E788BBE90447D5A828B308B5EE252020240619133244,SK텔레콤,PASS 고객센터 챗봇 만들기,챗봇,중급,활발한코딩천재3017,,,,,,,,,,,,,,,,,,
104,801BF6B7FB14479B8C6D4637B92F960020240701090026,SK텔레콤,This Is Me(사진1장과 30초 음성으로 AI Agent생성),챗봇,고급,에드거,,,,,,,,,,,,,,,,,,
105,DEE9C66ACAC9434ABCD7831A39FFB67120240620153236,SK텔레콤,부동산 자산 면적 검증 (ChatGPT와 파이썬 활용 건축물 대장 발급),자동화,중급,활기찬데이터1098,,,,,,,,,,,,,,,,,,
106,6871C3DD88ED45BB8B58E61ECDEF3E9920240613084452,SK하이닉스,미래 언어를 정의하는 차세대 표준 용어 추천 모델 개발,콘텐츠,고급,초록매실,,,,,,,,,,,,,,,,,,
107,9FE49AF8CFAE4EBA977C1A528AB972F120240628133506,SK텔레콤,회사에서 신입사원 채용을 위한 공고 문구 작성,콘텐츠,초급,나도달리오,,,,,,,,,,,,,,,,,,
108,9C67A401B5134D649904F5645344006120240619170521,SK트레이딩인터내셔널,Excel의 ETL Tool인 Power Query의 효율적 관리 방안,자동화,중급,활동적인밤하늘5732,,,,,,,,,,,,,,,,,,
109,C993F6762EF04E618C8F0D62501D86D820240619132540,SK브로드밴드,10분만에 완성하는 생성형AI로 홍보용 콘텐츠이야기 만들기,콘텐츠,초급,후홍몽,,,,,,,,,,,,,,,,,,
110,9334D5451D0744B38AC5E75F9E5A74F920240625130648,SK하이닉스,세상에 하나밖에 없는 동화책을 AI로 만들어 아이에게 생일선물하기,콘텐츠,초급,활발한고래,,,,,,,,,,,,,,,,,,
111,A08F0AC1EA3E4375A981BF96F713037B20240708111430,서비스에이스,python을 이용한 통계 자동화 (해지 유지율 일일보고),자동화,중급,유선CS마케팅_J,,,,,,,,,,,,,,,,,,
112,587D9368386748FEB075754BD3E7729020240703145729,SK텔레콤,AI를 접목한 자동 기술 게시글 작성,자동화,중급,cavin,,,,,,,,,,,,,,,,,,
113,FA3E2FF247914481A8985ECEFF37707020240603163244,SK이노베이션,그린워싱 리스크 검토 위한 GPTs 활용: Greewash Checker,챗봇,초급,오모리,,,,,,,,,,,,,,,,,,
114,6A67CE93AEE145CCB099391B5421040920240625065121,SK하이닉스,다변량 측정 데이터의 효율적인 분석을 위한 데이터 분석 코드 작성,데이터분석,중급,막나가는GPT,,,,,,,,,,,,,,,,,,
115,8FF9116887AB4C269FC8E1B423108ECB20240705083449,SK텔레콤,"챗 GPT로 시니어 대화 친구 만들기, 고령화 사회문제 해결!",일상,초급,간짜장,,,,,,,,,,,,,,,,,,
116,C1DE4F7767B440A39592C9EDCAAD385C20240708182438,SK온,팀장님 감사패 작성,일상,초급,플토,,,,,,,,,,,,,,,,,,
117,0A0A4674B37F4B9D907AABA666E05FEF20240619133855,SK주식회사 C&C,chatgpt 로 여행 비서 만들기,일상,초급,취미활동,,,,,,,,,,,,,,,,,,
118,E8D3F0AE1CEB4FB0A8BF6DE1C6B2C1A920240708192407,SK하이닉스,생성형 AI를 이용한 Die Level Defect IMG 생성 내재화,데이터분석,중급,활발한코딩덕후4392,,,,,,,,,,,,,,,,,,
119,7E2DE8463DC24AA0912CC1849F6E478C20240628125048,SK텔레콤,생성형 AI를 통한 대 고객 메시지 개선,자동화,초급,ㅇㅅㅎ,,,,,,,,,,,,,,,,,,
120,7932FCFE091847409A03D39896713EE120240703133911,SK텔레콤,AI Tool을 활용한 마스코드 이미지 에셋 제작,콘텐츠,초급,무아지경,,,,,,,,,,,,,,,,,,
121,48A99932028143D181E987A7F800F61920240626190811,SK텔레콤,(비업무/일상) AI가 그려주는 우리 아이들 잠자리 동화,일상,초급,pgdl,,,,,,,,,,,,,,,,,,
122,B4E9826619224DBFBD16EA6509B90B2720240709000836,SK지오센트릭,"Chat GPT를 활용해 EU 규정 확인, 고객 요구사항 회신 레터 작성",질의,초급,ActuallyIdid,,,,,,,,,,,,,,,,,,
123,A2953437346E4196B6E5B90DD73ECCB620240619163733,SK텔레콤,Gen-AI Art Challenge GAAC 2탄 참여 결과물 생성,콘텐츠,초급,우보천리999,,,,,,,,,,,,,,,,,,
124,F752193B9D684821A33E924A662E130F20240709080755,SK에너지,30년간 써온 고전적인 방식 이제 탈피합시다!,자동화,초급,태오에르난데스,,,,,,,,,,,,,,,,,,
125,0DCCA23CBF7A4E77878AB9D91634BB7A20240619163846,SK하이닉스,11주년 장기근속 휴가 일정을 chap GPT로!(나만의 여행상품 제작),일상,초급,빠른코딩마스터4583,,,,,,,,,,,,,,,,,,
126,7B811481A9B14C46A285974D1DB4D5A920240709082405,SK하이닉스,안전한 지게차 사용환경 구축을 통한 사고예방,질의,초급,어콩이,,,,,,,,,,,,,,,,,,
127,0DCCA23CBF7A4E77878AB9D91634BB7A20240619163846,SK하이닉스,영유다니는 우리애기보다 못한 내 영어회화를 도와줘.....,일상,초급,빠른코딩마스터4583,,,,,,,,,,,,,,,,,,
128,824D5E0F805E4A6681AAB528612C881520240701085758,SK텔레콤,AI와 함께 이사를,일상,초급,그대는선물입니다,,,,,,,,,,,,,,,,,,
129,66152ABC91064906841A86600342948E20240709081640,SK텔레콤,AI 공모전을 AI로 날로 먹기,질의,초급,활기찬별똥별1234,,,,,,,,,,,,,,,,,,
130,CD7D14B14FC5435A9802637763DA45A120240709085150,SK온,AI를 활용한 외관검사 자동화,자동화,초급,활발한코딩천사2309,,,,,,,,,,,,,,,,,,
131,9BE8D2BA012C441399E94EF596A8F6D520240702145209,서비스에이스,리더십 역량 강화를 위한 e-러닝 제작,콘텐츠,중급,활기찬빼빼로,,,,,,,,,,,,,,,,,,
132,45701A6AE4AF42E7BDC7F17F9A28F33E20240626121400,SK하이닉스,ChatGPT를 활용한 해석 Knowledge 이해,질의,초급,써니보이,,,,,,,,,,,,,,,,,,
133,9DE3DCE4054745D9AC925D2E7807F26120240709084947,SK하이닉스,ChatGPT 3.5를 이용한 excel VBA작성,자동화,초급,활발한고양이0427,,,,,,,,,,,,,,,,,,
134,9AF188B517F4403F911FE68E478F230D20240619140423,SK바이오사이언스,AI를 활용한 공정 시간의 과학적 근거 마련하기,질의,초급,활발한고양이2023,,,,,,,,,,,,,,,,,,
135,0AB47C302F16448D9BA9EF09D60F0D0020240709085734,SK하이닉스,왕초보 엑셀에서 AI 사용하기,자동화,초급,진진돌이,,,,,,,,,,,,,,,,,,
136,2C6FA76B079A437B8926AED79289F63620240709094307,SK하이닉스,ChatGPT를 활용하여 Program Setup Interlock 개발,자동화,초급,jungjae02,,,,,,,,,,,,,,,,,,
137,31DCDEB84AC243C1B3FEE0BDF7CE2A6D20240619130433,SK텔레콤,ChatGPT python 코딩 활용 경험담,자동화,초급,플레이,,,,,,,,,,,,,,,,,,
138,31DD3F917B3345698B1383A70803488620240703143253,SK텔레콤,생성형 AI를 활용한 Enterprise 솔루션 소개 영상 제작,콘텐츠,중급,용감한코딩천재1234,,,,,,,,,,,,,,,,,,
139,EE899DFF194D43678C473681F6A6259720240709083023,SK머티리얼즈,ChatGPT4.0 업무 활용 사례,질의,초급,신을부르는소리1024,,,,,,,,,,,,,,,,,,
140,B1045B4D3DE8416CA858B277EFE3B95D20240709105500,SK텔레콤,나의 일상 기록을 영어로 완벽하게 표현해주는 AI 정말 정말 놀라워요!!,일상,초급,고산,,,,,,,,,,,,,,,,,,
141,A9B230B0E7F6487080135035E36367EF20240628120456,SK텔레콤,Edge AI Accelator를 활용한 IoT 솔루션 활용분야,자동화,초급,portland,,,,,,,,,,,,,,,,,,
142,9943E837F4784FDA94F48B633CA163B020240701084321,SK텔레콤,GPT와 함께하는 아웃룩 메일 읽어와서 첨부파일 정리하기,자동화,중급,활기찬코리아1234,,,,,,,,,,,,,,,,,,
143,CC7D7BA4682240AB9FE6E0FBF630FA8D20240619132014,SK바이오사이언스,통계프로그램 대신 써볼까? 어디까지 해줄 수 있을까?,데이터분석,초급,도리도리,,,,,,,,,,,,,,,,,,
144,D8E3587B8844417A9AAC99098553A78920240620104426,SK하이닉스,U-NET 으로 예측하는 TEM Guide Image생성,데이터분석,초급,CVAE미분중,,,,,,,,,,,,,,,,,,
145,78068C39937C41C097EAA13EAB20CFFC20240624105625,SK텔레콤,Gen-AI Art Challenge 기획하고 실행하기!,질의,초급,활발한코딩초보3472,,,,,,,,,,,,,,,,,,
146,FBEA2DBBFD294F42AAD706BBFFA9021320240619141327,SK이노베이션,ChatGPT로 데이터전처리 및 시각화 하기,데이터분석,초급,냠냠,,,,,,,,,,,,,,,,,,
147,33E84BEE22AA4EF19077FE6CE241372020240709111503,부산도시가스,뉴스 기사 작성 시 생성형AI 활용,콘텐츠,초급,온몸이다아픔,,,,,,,,,,,,,,,,,,
148,2C49560EAE5748B89C9F0EBED1F936DB20240619154132,SK바이오사이언스,"ChatGPT 활용 간편 단어사전"" 프롬프트 템플릿""",자동화,초급,백령해병,,,,,,,,,,,,,,,,,,
149,D7D7760E163A4F9F8359F074E371E95420240619140011,SK텔레콤,SCM 공급망의 최근 뉴스기사 스크래핑을 통한 뉴스레터 발송 Tool,자동화,중급,BIC,,,,,,,,,,,,,,,,,,
150,1DEBB8C9489C41549001B98C3C76CD7C20240627145029,SK텔레콤,ESG 관련 뉴스 수집(600개 기사) -> 결과를 엑셀로 실행,자동화,초급,빈센트5004,,,,,,,,,,,,,,,,,,
151,EC722411A7E0420FBF27C3D573882F4C20240709143040,SK브로드밴드,ChatGPT의 도움으로 부족한 사례의 SSL인증서 오류 해결,질의,초급,배고픈코끼리,,,,,,,,,,,,,,,,,,
152,1DEBB8C9489C41549001B98C3C76CD7C20240627145029,SK텔레콤,주식의 배당금을 자동으로 불러오는 파이썬 코드 생성,일상,초급,빈센트5004,,,,,,,,,,,,,,,,,,
153,9C67A401B5134D649904F5645344006120240619170521,SK트레이딩인터내셔널,ChatGPT와 함께하는 재고평가 방법 구현 (FIFO/LiFO/...),자동화,초급,활동적인밤하늘5732,,,,,,,,,,,,,,,,,,
154,80455F0F391D467D9D26CCDCBC51EF9820240625092019,SK텔레콤,내 맘대로 자서전을 만들어 드립니다.,일상,초급,순대볶음,,,,,,,,,,,,,,,,,,
155,56C19A0D9406467D896AD61E834D52F920240627160727,SK바이오사이언스,AI 검색으로 실험 관련 참고 문헌 조사부터 요약까지 한큐에,질의,초급,가빈,,,,,,,,,,,,,,,,,,
156,301152F72D434D27BC07F723BEB74DB320240709155536,SK이노베이션,ChatGPT와 Power Automate를 활용한 업무 자동화,자동화,중급,일잘하고싶다,,,,,,,,,,,,,,,,,,
157,59DBA83FD3894C009267B5AF7448910B20240709172929,SK바이오사이언스,bing copliot을 이용한 문서 요약 정리,자동화,초급,활동적인코딩천재,,,,,,,,,,,,,,,,,,
158,B1045B4D3DE8416CA858B277EFE3B95D20240709105500,SK텔레콤,시도 영어로 번역이 되었네요,일상,초급,고산,,,,,,,,,,,,,,,,,,
159,8EC6770F6D3C478F8881C39567BAF0F220240625105501,SK머티리얼즈,[사과 메세지] 회식 후 만취 상황,일상,초급,쿠크다스바사삭,,,,,,,,,,,,,,,,,,
160,19354D7A01994DB595EACA6FFE5FAF3E20240628142915,SK텔레콤,멋진 댓글을 작성하고 싶어요! (베스트셀러 작가라구욧!),일상,초급,닉네임,,,,,,,,,,,,,,,,,,
161,062C64B8E7B7402FA5DD8823CC80225320240619132919,SK주식회사 C&C,Google Maps와 여행,일상,초급,David,,,,,,,,,,,,,,,,,,
162,FD89BE94224D4ACCA416B335DB1096B320240704085416,SK텔레콤,상황에 맞게 RM대응을 할 수 있는 조치방법 검색하기,질의,초급,Custos,,,,,,,,,,,,,,,,,,
163,183F2CE3F9714C73B878D090F09A4F1120240620090158,SK핀크스,"ChatGPT와 Zapier를 활용한 AI 업무 혁신""""",콘텐츠,초급,끊임없는기린7482,,,,,,,,,,,,,,,,,,
164,33721D37A6A44D3798BF94BD8724742F20240709080650,충청에너지서비스,Chat GPT 데이터분석 Tool을 활용한 '도시가스 판매량 예측',데이터분석,초급,크레마뇽2024,,,,,,,,,,,,,,,,,,
165,141BB381BCD346088340B41B1C47FF8020240709174005,SK에너지,RPA로 근무시간 입력 자동화,자동화,초급,다이아몬드,,,,,,,,,,,,,,,,,,
166,141BB381BCD346088340B41B1C47FF8020240709174005,SK에너지,RPA로 출입 신청 시 승인 자동화,자동화,초급,다이아몬드,,,,,,,,,,,,,,,,,,
167,141BB381BCD346088340B41B1C47FF8020240709174005,SK에너지,RPA로 점심식사(샐러드) 신청 자동화,일상,초급,다이아몬드,,,,,,,,,,,,,,,,,,
168,E7F9FD04B8164F98A3589FB48348DD6C20240708140332,SK텔레콤,하나의 콘텐츠를 SNS로 재확산하기,콘텐츠,중급,발빠른코딩보라9032,,,,,,,,,,,,,,,,,,
169,1462517A375A492FAE998F2C738D9C7420240624160409,SK하이닉스,자사 DEEPSEEK MODEL에 RAG 적용하기!!,챗봇/RAG,중급,적극적인해파리9283,,,,,,,,,,,,,,,,,,
170,141BB381BCD346088340B41B1C47FF8020240709174005,SK에너지,Power BI로 설비관리 시스템 Dashboard 구축,자동화,초급,다이아몬드,,,,,,,,,,,,,,,,,,
171,141BB381BCD346088340B41B1C47FF8020240709174005,SK에너지,생성형 Ai 이미지를 통한 홍보자료 생성,콘텐츠,초급,다이아몬드,,,,,,,,,,,,,,,,,,
172,DC38F3F4B90C427CBA99994FB0D2AB8320240708175100,SK에코엔지니어링,내가 사는 지역에서 우리 가족의 삶 이미지 생성,콘텐츠,초급,호기심많은코코폴리3125,,,,,,,,,,,,,,,,,,
173,E75F148798AA487288580458D1B478EE20240710113549,SK에너지,파이썬 코드 공부 시 ChatGPT 활용,자동화,초급,smart하게 만들어줘,,,,,,,,,,,,,,,,,,
174,44C3337C6BEA4195A3805D5A5A6F3FCB20240620124200,SK텔레콤,올 여름 디스코 소울 펑크로 타임 슬립,일상,초급,ho,,,,,,,,,,,,,,,,,,
175,27810BF1900B4516BC0C37F8781B012C20240626181608,행복나래,사회적 기업 홍보영상 제작하기,콘텐츠,중급,휴~그랜트,,,,,,,,,,,,,,,,,,
176,B9604C9DC327438DA4F68334B4DCEC9320240710102156,SK텔레콤,국가별 뉴스 기사 리서치 업무 자동화,자동화,중급,활기찬코딩러9834,,,,,,,,,,,,,,,,,,
177,3BAADA90E648456F86A63BB06ED3F7BF20240628172636,SK텔레콤,이미지분석으로 안전을 진단하여 안전사고를 예방,데이터분석,초급,활발한코마스터8742,,,,,,,,,,,,,,,,,,
178,012DF97580404C4996C15E5D4ED8E59920240701111145,SK이노베이션,생일 카드도 한번에 쉽게~,일상,초급,활발한호랑이77,,,,,,,,,,,,,,,,,,
179,8501DC7ADAA24D70AAA68F6115D9709C20240710155229,SK주식회사 C&C,정기적인 기술세션 계획 작성을 위한 ChatGPT 활용,질의,초급,블루타이거,,,,,,,,,,,,,,,,,,
180,2213E3B742AD42D7A6087368049F199A20240710160854,SK하이닉스,생성형 AI를 도입해서 투자수익 높여보기,일상,초급,비트코인,,,,,,,,,,,,,,,,,,
181,1E55634C70F34ECBA42D777FA47DDB5820240704150930,SK하이닉스,P&M기술 전용 Private LLM : Pandora AI,챗봇/RAG,고급,광동돼지감자,,,,,,,,,,,,,,,,,,
182,CE483C6602EE4AEA93611B98520779BC20240708193953,SK하이닉스,Hygpt를 활용한 TCAD EPM Calculator 개발,개발,중급,cjs6904,,,,,,,,,,,,,,,,,,
183,56B2EAEC26EB48BFA890458B3FE2F5AA20240708085615,SK하이닉스,GPT를 활용한 표준 용어 점검 개선,자동화,초급,신중한레몬3427,,,,,,,,,,,,,,,,,,
184,9B57001DA87E4D2494572D9998F562BE20240710175029,SK하이닉스,Spare Part 재고 관리 및 안전재고 확보 업무 효율화,자동화,초급,냐냐노냐,,,,,,,,,,,,,,,,,,
185,CF7F3ADD17B347F28C114A1D3BBC5E2720240705081322,SK하이닉스,인공지능과 함께하는 미래' 주제의 이미지 생성,콘텐츠,초급,활동적인토끼6578,,,,,,,,,,,,,,,,,,
186,682914BA68B0455CA8C1AAF6A215581020240620115334,SK텔레콤,이제 원하는 코드는  Chat GTP로  뚝딱 ~  HeatMap 만들기,자동화,초급,신중한밤하늘8472,,,,,,,,,,,,,,,,,,
187,EC1CF9505D4441038DA4EC789D4A882220240627071901,SK텔레콤,신규 사업발굴의 든든한 파트너 My GPT !!,질의,초급,신나게놀아볼까?,,,,,,,,,,,,,,,,,,
188,B46B29F4A345472A89D323B5162D10C420240604143644,SK하이닉스,AI 기반 제조 UI 개발을 통해 Smart Factory 고도화 추진,자동화,중급,best,,,,,,,,,,,,,,,,,,
189,B36B9090D34441AD84CC0301B6C84CEC20240624231136,SK케미칼,ChatGPT를 활용한 엑셀(VBA) & SAP ERP 데이터 등록,자동화,초급,blue0082,,,,,,,,,,,,,,,,,,
190,39655FA534B342EDA34B39CC6312EC1520240628155727,SK텔레콤,생성형 AI 활용 신입 구성원 전문 지식 습득 및 AI 지식 자산화,콘텐츠,초급,마이쏘니,,,,,,,,,,,,,,,,,,
191,3B03050D06D94080BE6FA723E4ACC3A820240705084233,SK하이닉스,ChatGPT(HyGpt)를 통한 반도체 장비 대수 산출 Web개발,자동화,중급,아메들고걷자,,,,,,,,,,,,,,,,,,
192,2ABEBCE833C24910AC59BDA3C18E127C20240705112339,SK하이닉스,chatGPT를 활용한 코딩 작업 효율화 사례,자동화,초급,활발한기술자789,,,,,,,,,,,,,,,,,,
193,8B53122B6EF2439792ADB49A9FCF55ED20240711075119,SK하이닉스,전문 디자이너없이 NO저작권 로고/단체복 제작하기,일상,초급,코딩하는고라니,,,,,,,,,,,,,,,,,,
194,106248E47CA54771BC2F69A0F5343A0220240711084809,SK하이닉스,Inline 진행 source 및 계측 data 정리 및 시각화 자동화,자동화,초급,2066151,,,,,,,,,,,,,,,,,,
195,B7E9FA1B8CAE4886B025DA507307011420240709091247,SK하이닉스,업무효율을 위한 Portal Site 제작,개발,중급,코딩이어려워요,,,,,,,,,,,,,,,,,,
196,9AC57475A45E48CF92AAF928460AE84B20240708150544,SK하이닉스,사내 GPT 를 활용하여 Python Code 최적화 및 속도개선한 사례,자동화,초급,산삼크런치,,,,,,,,,,,,,,,,,,
197,ADB79AFF67D7443C9814E52FE3DED5B420240711091701,SK하이닉스,코파일럿을 이용한 기술리포트 연구개발 시사점 도출,질의,초급,강인한합리주의자,,,,,,,,,,,,,,,,,,
198,0A51CB92F32648B4948AC86C3EDBE4B720240705080044,SK하이닉스,안전보건교육의 해결사: 생성형 AI로 정기안전보건 시험 통과하기,챗봇/RAG,초급,Charlie,,,,,,,,,,,,,,,,,,
199,14C0B2FCA768486CA8DCD0602B0BF7FA20240708125250,SK텔레콤,"홍수대비 안전 포스터,표어,홍보송 제작",콘텐츠,초급,명확한도도5221,,,,,,,,,,,,,,,,,,
200,A669274836B94C74BFE120A923F7E02D20240625184828,SK에코엔지니어링,ChatGPT를 활용한 프로젝트 성과품 작성,질의,초급,활발한데이터8207,,,,,,,,,,,,,,,,,,
201,402E50A058E34A58977D5F4F16BBC41820240711141503,SK하이닉스,계약 Data 기반으로 월별 소요 비용 자동 계산 프로그램 작성,개발,중급,쉼터,,,,,,,,,,,,,,,,,,
202,C6BEE79E11CC4F918E308B2FD39A81E720240705114633,SK하이닉스,Streamlit 웹앱으로 데이터 분석 및 시각화하여 업무 효율성 높이기,개발,중급,활기찬코끼리3275,,,,,,,,,,,,,,,,,,
203,5C6E408ECA014FE2B0A33FA270DF060B20240705141131,SK텔레콤,ChatGPT로 RPA 초급자가 중급자로 둔갑하기,자동화,중급,베스트초이스,,,,,,,,,,,,,,,,,,
204,48D16169E9E24F82AD3184978354FC2C20240709100412,SK텔레콤,무엇이든 물어보세요 A to Z,챗봇/RAG,중급,코딩찐따,,,,,,,,,,,,,,,,,,
205,A307C9579216439EBB8EA2A41775A6F320240626175815,SK케미칼,생성형 AI를 이용한 영입구성원 과정 과제 수행,자동화,초급,지혜로운고슴도치,,,,,,,,,,,,,,,,,,
206,2C49560EAE5748B89C9F0EBED1F936DB20240619154132,SK바이오사이언스,"ChatGPT 국어 맞춤법/띄어쓰기 검사"" 프롬프트 템플릿""",질의,초급,백령해병,,,,,,,,,,,,,,,,,,
207,2AEABF7219F34173B4806B50AC62321220240708110402,SK텔레콤,코딩 한 줄 없이 프로야구 챗봇 만들기,일상,중급,설탕무,,,,,,,,,,,,,,,,,,
208,3BCA671CF5AD4BD391E226BD9922E1AD20240619132353,SK텔레콤,TOEIC 공부를 쉽게 해주는 GPT,일상,초급,핼리포터,,,,,,,,,,,,,,,,,,
209,CAA382CB7B204322B77D030AFC8DDB6220240711170703,SK온,생성형 AI를 통한 경제 분석,데이터분석,초급,여우,,,,,,,,,,,,,,,,,,
210,05536F05BEE34A4AB38A625740BFC62A20240624160641,SK텔레콤,공급사 주가 급변동 시 챗GPT가 최신 뉴스 분석하여 메일 자동 송부,자동화,중급,신속한바나나2025,,,,,,,,,,,,,,,,,,
211,9B683471916C489FAD0F767D2C2E911120240710085707,SK텔레콤,생성형 AI를 활용한 쉬운 특정분야 자료 리서치 방법 3가지,챗봇/RAG,초급,캐서린,,,,,,,,,,,,,,,,,,
212,8AC3A0EB5C874D6DBCE921F05E801EE420240711184019,SK텔레콤,YouTube 콘텐츠 Title&Description 작성 프로그램,개발,중급,yorijori,,,,,,,,,,,,,,,,,,
213,6886D13F38BE443EB62BF35461C90BE820240711180254,SK텔레콤,문과생도 쉽게! ✨ ChatGPT로 경쟁사 이벤트 실시간 캐치하기 ,자동화,중급,용감한소나무,,,,,,,,,,,,,,,,,,
214,75368ED720184D9CB37EA2E298D7F7A420240705105811,SK하이닉스,HTML 하나도 몰라도 WEB Page 만들기,개발,초급,활동적인코딩맨,,,,,,,,,,,,,,,,,,
215,E63969486709455088B99BA7FFAC9E7E20240704141333,SK하이닉스,Verilog 코딩 - LUT Generate 자동화,자동화,초급,발빠른호랑이9812,,,,,,,,,,,,,,,,,,
216,B1063123D0D1418DA6711A8A718CC94E20240628130528,SK텔레콤,총액매출? 순액매출? AI가 알려드립니다!,개발,중급,피터린치,,,,,,,,,,,,,,,,,,
217,E6D074C50FF042D6BB2C23913D97C5AC20240625080709,SK어스온,생성형 AI(ChatGPT)를 활용한 Digital Resume제작,개발,중급,jdyang88,,,,,,,,,,,,,,,,,,
218,40401CD49B2243F18E29348E706B1DA820240619132556,SK브로드밴드,"OpenSource를 구축, 배우며 만들어 보는 회의록 요약 서비스",챗봇/RAG,중급,좋아좋아,,,,,,,,,,,,,,,,,,
219,D1AEF036B5664D948DC4F1083CC4F1E920240712000349,SK텔레콤,산업 기술 분석 및  프레젠테이션 자동화 AI 도구,자동화,중급,신중한코딩마스터5782,,,,,,,,,,,,,,,,,,
220,39E671E3EA174A9098DE40CE79603A1820240620134301,SK브로드밴드,디지털 커뮤니케이션 全업무 영역에 AI 활용,콘텐츠,고급,랜선걸,,,,,,,,,,,,,,,,,,
221,BBD3DBA9251C40C4A91C0E3AFB192FD220240712114628,SK하이닉스,Python 비동기 코드 도움받아서 비동기압축 함수 만들기!,개발,초급,활발한코스모0347,,,,,,,,,,,,,,,,,,
222,EB55C34048BD4659BA8F9015A344A02B20240628123351,SK하이닉스,Raw Data 전처리 후 수율 데이터 자동화 코드 구현,자동화,중급,신중한도깨비2947,,,,,,,,,,,,,,,,,,
223,D86657E819E84226B15EF6000CA06F9920240619174307,SK텔레콤,여름 휴가 계획 세우기,일상,초급,용감한코드천사3421,,,,,,,,,,,,,,,,,,
224,82BDB66125E84D9291A96B03E362A16620240703124732,SK매직,AI 툴을 활용한 UX 리서치와 퍼소나 설정하기,자동화,중급,책임감이있는푸른별1923,,,,,,,,,,,,,,,,,,
225,1DE9428A4BD74A469F1106AC057457B720240711081043,SK하이닉스,생성형AI Google Bard와 Telegram bot을 연계 타로점,일상,중급,창의적인나비1234,,,,,,,,,,,,,,,,,,
226,851CD49F6347497D96B7234AD80A827220240619151925,SK이노베이션,Playground를 이용한 외국어 역량 향상,일상,초급,lll,,,,,,,,,,,,,,,,,,
227,EE1FDBAC820E4ED3A2BA9464E91927C220240712142653,SK에너지,"혁신기술실 안전캠페인 영상, 포스터, 스티커 작성",콘텐츠,중급,SP팀 화이팅~,,,,,,,,,,,,,,,,,,
228,4D3FB7A1E50447939BFDE069504B0CFE20240705152711,SK하이닉스,HyGPT를 활용한 이미지 자동 계측 시스템 개발 시간 단축,데이터분석,중급,활동적인코딩마스터1924,,,,,,,,,,,,,,,,,,
229,EE1FDBAC820E4ED3A2BA9464E91927C220240712142653,SK에너지,엑셀 데이터 분석 챗봇 제작,개발,고급,SP팀 화이팅~,,,,,,,,,,,,,,,,,,
230,A947CC96527849EA9C4C16A06E0E587820240620153304,SK텔레콤,프로젝트 관리와 코딩을 같이 해주는 CodeMate,챗봇/RAG,고급,열정적인고구마피자,,,,,,,,,,,,,,,,,,
231,418E3D8CBB95443997301000B5F2659820240627165003,SK 에코플랜트,"AI 기술로 발파진동 예측하고, 터널 설계 자동화",질의,초급,에코abs,,,,,,,,,,,,,,,,,,
232,610A01CFC8844AF8A747312F0A008D0020240628162805,SK텔레콤,Private 5G network Chatbot,챗봇/RAG,중급,sysone011,,,,,,,,,,,,,,,,,,
233,8D5659AC213F4F90B8643B0A58B8AB8820240619175129,SK텔레콤,내가 좋아하는 노래들과 같은 코드 진행을 하는 노래 찾아보기,일상,초급,보노보노브라더,,,,,,,,,,,,,,,,,,
234,DEE9C66ACAC9434ABCD7831A39FFB67120240620153236,SK텔레콤,"현장도 안가고, 돈도 안쓰고, 1주일만에 부동산 자산 주소 현행화 완료",개발,중급,활기찬데이터1098,,,,,,,,,,,,,,,,,,
235,39432C4E35EE46E28FA0CF0F7BB9C4C120240711215641,SK주식회사 C&C,Product Scene Maker: AI로 만드는 맞춤형 상품 배경,콘텐츠,중급,밍,,,,,,,,,,,,,,,,,,
236,492CF122DA7440CB82C1686EB377D06920240619151234,SK주식회사 C&C,AI Agent로 블로그 초안 만들기,챗봇/RAG,중급,활발한코딩러9567,,,,,,,,,,,,,,,,,,
237,C3416DAB3AA34BB091683C0CA573BB1B20240712190807,SK하이닉스,장비 생산성 분석을 위한 데이터 분석 Tool 구현,데이터분석,초급,활발한기술자3521,,,,,,,,,,,,,,,,,,
238,6F6CA9AF99EC427FADD280B6231D70AE20240626121631,SK하이닉스,ChatGPT를 활용한 Layout Editor 개발,개발,초급,히게,,,,,,,,,,,,,,,,,,
239,22F2139A4855439891B928F28A36DEDC20240709101746,SK하이닉스,Manual 관리하던 Data를 AI를 통해 자동화 관리하기!,개발,초급,마마마바바,,,,,,,,,,,,,,,,,,
240,581593FC84C24E6A88AA591EBB19E9D720240711114210,SK하이닉스,ChatGPT를 통한 화학반응 예측,데이터분석,초급,꿈과희망,,,,,,,,,,,,,,,,,,
241,F2D8B0753398466BBB30B155A7F115BD20240627091347,SK바이오사이언스,Perplexity로 식당 추천,일상,초급,겸손한블루파이5623,,,,,,,,,,,,,,,,,,
242,E59AB58D80CE4970AA96A823E2F0F97E20240709065538,SK주식회사 C&C,"ChatGPT, 라이선스 취득 학습 활용 사례",콘텐츠,초급,행복토리,,,,,,,,,,,,,,,,,,
243,F73BCD5DF7DC4323A4F6ECC4FF48F6DA20240619152837,SK이노베이션,Safety Talk 주제 탐색,콘텐츠,초급,SHE 꿈나무,,,,,,,,,,,,,,,,,,
244,C993F6762EF04E618C8F0D62501D86D820240619132540,SK브로드밴드,10분만에 완성하는 생성형AI로 광고용 콘티 만들기,콘텐츠,초급,후홍몽,,,,,,,,,,,,,,,,,,
